correlationId,appLabel,duration,flowKey,eventType,timeStamp,ueIpv4Addr,startTime,totalVolume,ulVolume,dlVolume,totalNbOfPackets,ulNbOfPackets,dlNbOfPackets,ulThroughput,dlThroughput,ulPacketThroughput,dlPacketThroughput
corr-2d924c0114c5,hulu_manual,1.0,,USER_DATA_USAGE_MEASURES,2019-03-31T05:19:16Z,10.145.102.237,2019-03-31T05:19:15Z,28203,6383,21820,91,48,43,51064 bps,174560 bps,48.00 pps,43.00 pps
corr-2d924c0114c5,hulu_manual,1.0,,USER_DATA_USAGE_MEASURES,2019-03-31T05:19:17Z,10.145.102.237,2019-03-31T05:19:16Z,79155,20151,59004,198,103,95,161208 bps,472032 bps,103.00 pps,95.00 pps
corr-2d924c0114c5,hulu_manual,1.0,,USER_DATA_USAGE_MEASURES,2019-03-31T05:19:18Z,10.145.102.237,2019-03-31T05:19:17Z,229094,30566,198528,334,137,197,244528 bps,1588224 bps,137.00 pps,197.00 pps
corr-2d924c0114c5,hulu_manual,1.0,,USER_DATA_USAGE_MEASURES,2019-03-31T05:19:19Z,10.145.102.237,2019-03-31T05:19:18Z,879,516,363,6,2,4,4128 bps,2904 bps,2.00 pps,4.00 pps
corr-2d924c0114c5,hulu_manual,1.0,,USER_DATA_USAGE_MEASURES,2019-03-31T05:19:20Z,10.145.102.237,2019-03-31T05:19:19Z,159329,32921,126408,286,140,146,263368 bps,1011264 bps,140.00 pps,146.00 pps
corr-2d924c0114c5,hulu_manual,1.0,,USER_DATA_USAGE_MEASURES,2019-03-31T05:19:21Z,10.145.102.237,2019-03-31T05:19:20Z,1239824,69418,1170406,1455,492,963,555344 bps,9363248 bps,492.00 pps,963.00 pps
corr-2d924c0114c5,hulu_manual,1.0,,USER_DATA_USAGE_MEASURES,2019-03-31T05:19:22Z,10.145.102.237,2019-03-31T05:19:21Z,5795,1776,4019,23,14,9,14208 bps,32152 bps,14.00 pps,9.00 pps
corr-2d924c0114c5,hulu_manual,1.0,,USER_DATA_USAGE_MEASURES,2019-03-31T05:19:23Z,10.145.102.237,2019-03-31T05:19:22Z,2039,1140,899,13,7,6,9120 bps,7192 bps,7.00 pps,6.00 pps
corr-2d924c0114c5,hulu_manual,1.0,,USER_DATA_USAGE_MEASURES,2019-03-31T05:19:24Z,10.145.102.237,2019-03-31T05:19:23Z,3545,3182,363,9,5,4,25456 bps,2904 bps,5.00 pps,4.00 pps
corr-2d924c0114c5,hulu_manual,1.0,,USER_DATA_USAGE_MEASURES,2019-03-31T05:19:25Z,10.145.102.237,2019-03-31T05:19:24Z,23676,15950,7726,81,43,38,127600 bps,61808 bps,43.00 pps,38.00 pps
corr-2d924c0114c5,hulu_manual,1.0,,USER_DATA_USAGE_MEASURES,2019-03-31T05:19:26Z,10.145.102.237,2019-03-31T05:19:25Z,370126,9679,360447,391,89,302,77432 bps,2883576 bps,89.00 pps,302.00 pps
corr-2d924c0114c5,hulu_manual,1.0,,USER_DATA_USAGE_MEASURES,2019-03-31T05:19:27Z,10.145.102.237,2019-03-31T05:19:26Z,18017,5150,12867,60,32,28,41200 bps,102936 bps,32.00 pps,28.00 pps
corr-2d924c0114c5,hulu_manual,1.0,,USER_DATA_USAGE_MEASURES,2019-03-31T05:19:28Z,10.145.102.237,2019-03-31T05:19:27Z,292136,11620,280516,304,59,245,92960 bps,2244128 bps,59.00 pps,245.00 pps
corr-2d924c0114c5,hulu_manual,1.0,,USER_DATA_USAGE_MEASURES,2019-03-31T05:19:29Z,10.145.102.237,2019-03-31T05:19:28Z,91851,7381,84470,113,40,73,59048 bps,675760 bps,40.00 pps,73.00 pps
corr-2d924c0114c5,hulu_manual,1.0,,USER_DATA_USAGE_MEASURES,2019-03-31T05:19:30Z,10.145.102.237,2019-03-31T05:19:29Z,239610,11515,228095,290,100,190,92120 bps,1824760 bps,100.00 pps,190.00 pps
corr-2d924c0114c5,hulu_manual,1.0,,USER_DATA_USAGE_MEASURES,2019-03-31T05:19:31Z,10.145.102.237,2019-03-31T05:19:30Z,119857,13075,106782,197,98,99,104600 bps,854256 bps,98.00 pps,99.00 pps
corr-2d924c0114c5,hulu_manual,1.0,,USER_DATA_USAGE_MEASURES,2019-03-31T05:19:32Z,10.145.102.237,2019-03-31T05:19:31Z,178582,15355,163227,274,138,136,122840 bps,1305816 bps,138.00 pps,136.00 pps
corr-2d924c0114c5,hulu_manual,1.0,,USER_DATA_USAGE_MEASURES,2019-03-31T05:19:33Z,10.145.102.237,2019-03-31T05:19:32Z,160800,8528,152272,191,56,135,68224 bps,1218176 bps,56.00 pps,135.00 pps
corr-2d924c0114c5,hulu_manual,1.0,,USER_DATA_USAGE_MEASURES,2019-03-31T05:19:34Z,10.145.102.237,2019-03-31T05:19:33Z,4223,3860,363,10,6,4,30880 bps,2904 bps,6.00 pps,4.00 pps
corr-2d924c0114c5,hulu_manual,1.0,,USER_DATA_USAGE_MEASURES,2019-03-31T05:19:35Z,10.145.102.237,2019-03-31T05:19:34Z,0,0,0,0,0,0,0 bps,0 bps,0.00 pps,0.00 pps
corr-2d924c0114c5,hulu_manual,1.0,,USER_DATA_USAGE_MEASURES,2019-03-31T05:19:36Z,10.145.102.237,2019-03-31T05:19:35Z,4172,3809,363,9,5,4,30472 bps,2904 bps,5.00 pps,4.00 pps
corr-2d924c0114c5,hulu_manual,1.0,,USER_DATA_USAGE_MEASURES,2019-03-31T05:19:37Z,10.145.102.237,2019-03-31T05:19:36Z,188078,24423,163655,293,148,145,195384 bps,1309240 bps,148.00 pps,145.00 pps
corr-2d924c0114c5,hulu_manual,1.0,,USER_DATA_USAGE_MEASURES,2019-03-31T05:19:38Z,10.145.102.237,2019-03-31T05:19:37Z,155054,26805,128249,266,140,126,214440 bps,1025992 bps,140.00 pps,126.00 pps
corr-2d924c0114c5,hulu_manual,1.0,,USER_DATA_USAGE_MEASURES,2019-03-31T05:19:39Z,10.145.102.237,2019-03-31T05:19:38Z,134358,13375,120983,204,95,109,107000 bps,967864 bps,95.00 pps,109.00 pps
corr-2d924c0114c5,hulu_manual,1.0,,USER_DATA_USAGE_MEASURES,2019-03-31T05:19:40Z,10.145.102.237,2019-03-31T05:19:39Z,130772,12849,117923,201,84,117,102792 bps,943384 bps,84.00 pps,117.00 pps
corr-2d924c0114c5,hulu_manual,1.0,,USER_DATA_USAGE_MEASURES,2019-03-31T05:19:41Z,10.145.102.237,2019-03-31T05:19:40Z,293581,6748,286833,274,31,243,53984 bps,2294664 bps,31.00 pps,243.00 pps
corr-2d924c0114c5,hulu_manual,1.0,,USER_DATA_USAGE_MEASURES,2019-03-31T05:19:42Z,10.145.102.237,2019-03-31T05:19:41Z,0,0,0,0,0,0,0 bps,0 bps,0.00 pps,0.00 pps
corr-2d924c0114c5,hulu_manual,1.0,,USER_DATA_USAGE_MEASURES,2019-03-31T05:19:43Z,10.145.102.237,2019-03-31T05:19:42Z,484950,27910,457040,619,240,379,223280 bps,3656320 bps,240.00 pps,379.00 pps
corr-2d924c0114c5,hulu_manual,1.0,,USER_DATA_USAGE_MEASURES,2019-03-31T05:19:44Z,10.145.102.237,2019-03-31T05:19:43Z,201544,5367,196177,187,23,164,42936 bps,1569416 bps,23.00 pps,164.00 pps
corr-2d924c0114c5,hulu_manual,1.0,,USER_DATA_USAGE_MEASURES,2019-03-31T05:19:45Z,10.145.102.237,2019-03-31T05:19:44Z,215381,17554,197827,238,58,180,140432 bps,1582616 bps,58.00 pps,180.00 pps
corr-2d924c0114c5,hulu_manual,1.0,,USER_DATA_USAGE_MEASURES,2019-03-31T05:19:46Z,10.145.102.237,2019-03-31T05:19:45Z,0,0,0,0,0,0,0 bps,0 bps,0.00 pps,0.00 pps
corr-2d924c0114c5,hulu_manual,1.0,,USER_DATA_USAGE_MEASURES,2019-03-31T05:19:47Z,10.145.102.237,2019-03-31T05:19:46Z,210,210,0,2,2,0,1680 bps,0 bps,2.00 pps,0.00 pps
corr-2d924c0114c5,hulu_manual,1.0,,USER_DATA_USAGE_MEASURES,2019-03-31T05:19:48Z,10.145.102.237,2019-03-31T05:19:47Z,368862,35300,333562,438,132,306,282400 bps,2668496 bps,132.00 pps,306.00 pps
corr-2d924c0114c5,hulu_manual,1.0,,USER_DATA_USAGE_MEASURES,2019-03-31T05:19:49Z,10.145.102.237,2019-03-31T05:19:48Z,6225,5567,658,14,7,7,44536 bps,5264 bps,7.00 pps,7.00 pps
corr-2d924c0114c5,hulu_manual,1.0,,USER_DATA_USAGE_MEASURES,2019-03-31T05:19:50Z,10.145.102.237,2019-03-31T05:19:49Z,166089,19061,147028,192,51,141,152488 bps,1176224 bps,51.00 pps,141.00 pps
corr-2d924c0114c5,hulu_manual,1.0,,USER_DATA_USAGE_MEASURES,2019-03-31T05:19:51Z,10.145.102.237,2019-03-31T05:19:50Z,136,68,68,2,1,1,544 bps,544 bps,1.00 pps,1.00 pps
corr-2d924c0114c5,hulu_manual,1.0,,USER_DATA_USAGE_MEASURES,2019-03-31T05:19:52Z,10.145.102.237,2019-03-31T05:19:51Z,0,0,0,0,0,0,0 bps,0 bps,0.00 pps,0.00 pps
corr-2d924c0114c5,hulu_manual,1.0,,USER_DATA_USAGE_MEASURES,2019-03-31T05:19:53Z,10.145.102.237,2019-03-31T05:19:52Z,739590,16489,723101,655,65,590,131912 bps,5784808 bps,65.00 pps,590.00 pps
corr-2d924c0114c5,hulu_manual,1.0,,USER_DATA_USAGE_MEASURES,2019-03-31T05:19:54Z,10.145.102.237,2019-03-31T05:19:53Z,313075,7652,305423,278,34,244,61216 bps,2443384 bps,34.00 pps,244.00 pps
corr-2d924c0114c5,hulu_manual,1.0,,USER_DATA_USAGE_MEASURES,2019-03-31T05:19:55Z,10.145.102.237,2019-03-31T05:19:54Z,10195,4036,6159,45,25,20,32288 bps,49272 bps,25.00 pps,20.00 pps
corr-2d924c0114c5,hulu_manual,1.0,,USER_DATA_USAGE_MEASURES,2019-03-31T05:19:56Z,10.145.102.237,2019-03-31T05:19:55Z,0,0,0,0,0,0,0 bps,0 bps,0.00 pps,0.00 pps
corr-2d924c0114c5,hulu_manual,1.0,,USER_DATA_USAGE_MEASURES,2019-03-31T05:19:57Z,10.145.102.237,2019-03-31T05:19:56Z,3735,3372,363,9,5,4,26976 bps,2904 bps,5.00 pps,4.00 pps
corr-2d924c0114c5,hulu_manual,1.0,,USER_DATA_USAGE_MEASURES,2019-03-31T05:19:58Z,10.145.102.237,2019-03-31T05:19:57Z,4487,3957,530,13,7,6,31656 bps,4240 bps,7.00 pps,6.00 pps
corr-2d924c0114c5,hulu_manual,1.0,,USER_DATA_USAGE_MEASURES,2019-03-31T05:19:59Z,10.145.102.237,2019-03-31T05:19:58Z,95126,17453,77673,139,52,87,139624 bps,621384 bps,52.00 pps,87.00 pps
corr-2d924c0114c5,hulu_manual,1.0,,USER_DATA_USAGE_MEASURES,2019-03-31T05:20:00Z,10.145.102.237,2019-03-31T05:19:59Z,127310,44450,82860,269,138,131,355600 bps,662880 bps,138.00 pps,131.00 pps
corr-2d924c0114c5,hulu_manual,1.0,,USER_DATA_USAGE_MEASURES,2019-03-31T05:20:01Z,10.145.102.237,2019-03-31T05:20:00Z,797723,44508,753215,991,342,649,356064 bps,6025720 bps,342.00 pps,649.00 pps
corr-2d924c0114c5,hulu_manual,1.0,,USER_DATA_USAGE_MEASURES,2019-03-31T05:20:02Z,10.145.102.237,2019-03-31T05:20:01Z,5055142,153182,4901960,5072,1209,3863,1225456 bps,39215680 bps,1209.00 pps,3863.00 pps
corr-2d924c0114c5,hulu_manual,1.0,,USER_DATA_USAGE_MEASURES,2019-03-31T05:20:03Z,10.145.102.237,2019-03-31T05:20:02Z,3572473,36810,3535663,3047,284,2763,294480 bps,28285304 bps,284.00 pps,2763.00 pps
corr-2d924c0114c5,hulu_manual,1.0,,USER_DATA_USAGE_MEASURES,2019-03-31T05:20:04Z,10.145.102.237,2019-03-31T05:20:03Z,2212427,50202,2162225,2070,370,1700,401616 bps,17297800 bps,370.00 pps,1700.00 pps
corr-2d924c0114c5,hulu_manual,1.0,,USER_DATA_USAGE_MEASURES,2019-03-31T05:20:05Z,10.145.102.237,2019-03-31T05:20:04Z,47449,23993,23456,130,72,58,191944 bps,187648 bps,72.00 pps,58.00 pps
corr-2d924c0114c5,hulu_manual,1.0,,USER_DATA_USAGE_MEASURES,2019-03-31T05:20:06Z,10.145.102.237,2019-03-31T05:20:05Z,26837,19230,7607,56,33,23,153840 bps,60856 bps,33.00 pps,23.00 pps
corr-2d924c0114c5,hulu_manual,1.0,,USER_DATA_USAGE_MEASURES,2019-03-31T05:20:07Z,10.145.102.237,2019-03-31T05:20:06Z,1113281,20380,1092901,1098,236,862,163040 bps,8743208 bps,236.00 pps,862.00 pps
corr-2d924c0114c5,hulu_manual,1.0,,USER_DATA_USAGE_MEASURES,2019-03-31T05:20:08Z,10.145.102.237,2019-03-31T05:20:07Z,6756,2545,4211,24,13,11,20360 bps,33688 bps,13.00 pps,11.00 pps
corr-2d924c0114c5,hulu_manual,1.0,,USER_DATA_USAGE_MEASURES,2019-03-31T05:20:09Z,10.145.102.237,2019-03-31T05:20:08Z,10715,5938,4777,30,17,13,47504 bps,38216 bps,17.00 pps,13.00 pps
corr-2d924c0114c5,hulu_manual,1.0,,USER_DATA_USAGE_MEASURES,2019-03-31T05:20:10Z,10.145.102.237,2019-03-31T05:20:09Z,17542,11587,5955,41,24,17,92696 bps,47640 bps,24.00 pps,17.00 pps
corr-2d924c0114c5,hulu_manual,1.0,,USER_DATA_USAGE_MEASURES,2019-03-31T05:20:11Z,10.145.102.237,2019-03-31T05:20:10Z,6608,2397,4211,22,11,11,19176 bps,33688 bps,11.00 pps,11.00 pps
corr-2d924c0114c5,hulu_manual,1.0,,USER_DATA_USAGE_MEASURES,2019-03-31T05:20:12Z,10.145.102.237,2019-03-31T05:20:11Z,2159969,70497,2089472,2400,787,1613,563976 bps,16715776 bps,787.00 pps,1613.00 pps
corr-2d924c0114c5,hulu_manual,1.0,,USER_DATA_USAGE_MEASURES,2019-03-31T05:20:13Z,10.145.102.237,2019-03-31T05:20:12Z,12784,8202,4582,37,22,15,65616 bps,36656 bps,22.00 pps,15.00 pps
corr-2d924c0114c5,hulu_manual,1.0,,USER_DATA_USAGE_MEASURES,2019-03-31T05:20:14Z,10.145.102.237,2019-03-31T05:20:13Z,13046,4700,8346,44,23,21,37600 bps,66768 bps,23.00 pps,21.00 pps
corr-2d924c0114c5,hulu_manual,1.0,,USER_DATA_USAGE_MEASURES,2019-03-31T05:20:15Z,10.145.102.237,2019-03-31T05:20:14Z,6757,2546,4211,24,13,11,20368 bps,33688 bps,13.00 pps,11.00 pps
corr-2d924c0114c5,hulu_manual,1.0,,USER_DATA_USAGE_MEASURES,2019-03-31T05:20:16Z,10.145.102.237,2019-03-31T05:20:15Z,6757,2546,4211,24,13,11,20368 bps,33688 bps,13.00 pps,11.00 pps
corr-2d924c0114c5,hulu_manual,1.0,,USER_DATA_USAGE_MEASURES,2019-03-31T05:20:17Z,10.145.102.237,2019-03-31T05:20:16Z,2443796,84263,2359533,2778,959,1819,674104 bps,18876264 bps,959.00 pps,1819.00 pps
corr-2d924c0114c5,hulu_manual,1.0,,USER_DATA_USAGE_MEASURES,2019-03-31T05:20:18Z,10.145.102.237,2019-03-31T05:20:17Z,12243,7732,4511,24,15,9,61856 bps,36088 bps,15.00 pps,9.00 pps
corr-2d924c0114c5,hulu_manual,1.0,,USER_DATA_USAGE_MEASURES,2019-03-31T05:20:19Z,10.145.102.237,2019-03-31T05:20:18Z,5109,898,4211,20,9,11,7184 bps,33688 bps,9.00 pps,11.00 pps
corr-2d924c0114c5,hulu_manual,1.0,,USER_DATA_USAGE_MEASURES,2019-03-31T05:20:20Z,10.145.102.237,2019-03-31T05:20:19Z,24421,18014,6407,50,32,18,144112 bps,51256 bps,32.00 pps,18.00 pps
corr-2d924c0114c5,hulu_manual,1.0,,USER_DATA_USAGE_MEASURES,2019-03-31T05:20:21Z,10.145.102.237,2019-03-31T05:20:20Z,5257,1046,4211,22,11,11,8368 bps,33688 bps,11.00 pps,11.00 pps
corr-2d924c0114c5,hulu_manual,1.0,,USER_DATA_USAGE_MEASURES,2019-03-31T05:20:22Z,10.145.102.237,2019-03-31T05:20:21Z,2364675,68979,2295696,2613,843,1770,551832 bps,18365568 bps,843.00 pps,1770.00 pps
corr-2d924c0114c5,hulu_manual,1.0,,USER_DATA_USAGE_MEASURES,2019-03-31T05:20:23Z,10.145.102.237,2019-03-31T05:20:22Z,1607,917,690,17,10,7,7336 bps,5520 bps,10.00 pps,7.00 pps
corr-2d924c0114c5,hulu_manual,1.0,,USER_DATA_USAGE_MEASURES,2019-03-31T05:20:24Z,10.145.102.237,2019-03-31T05:20:23Z,10218,2818,7400,31,17,14,22544 bps,59200 bps,17.00 pps,14.00 pps
corr-2d924c0114c5,hulu_manual,1.0,,USER_DATA_USAGE_MEASURES,2019-03-31T05:20:25Z,10.145.102.237,2019-03-31T05:20:24Z,3636,2421,1215,23,13,10,19368 bps,9720 bps,13.00 pps,10.00 pps
corr-2d924c0114c5,hulu_manual,1.0,,USER_DATA_USAGE_MEASURES,2019-03-31T05:20:26Z,10.145.102.237,2019-03-31T05:20:25Z,13603,8214,5389,35,20,15,65712 bps,43112 bps,20.00 pps,15.00 pps
corr-2d924c0114c5,hulu_manual,1.0,,USER_DATA_USAGE_MEASURES,2019-03-31T05:20:27Z,10.145.102.237,2019-03-31T05:20:26Z,1572653,11897,1560756,1323,107,1216,95176 bps,12486048 bps,107.00 pps,1216.00 pps
corr-2d924c0114c5,hulu_manual,1.0,,USER_DATA_USAGE_MEASURES,2019-03-31T05:20:28Z,10.145.102.237,2019-03-31T05:20:27Z,6465,2390,4075,20,11,9,19120 bps,32600 bps,11.00 pps,9.00 pps
corr-2d924c0114c5,hulu_manual,1.0,,USER_DATA_USAGE_MEASURES,2019-03-31T05:20:29Z,10.145.102.237,2019-03-31T05:20:28Z,6757,2546,4211,24,13,11,20368 bps,33688 bps,13.00 pps,11.00 pps
corr-2d924c0114c5,hulu_manual,1.0,,USER_DATA_USAGE_MEASURES,2019-03-31T05:20:30Z,10.145.102.237,2019-03-31T05:20:29Z,6757,2546,4211,24,13,11,20368 bps,33688 bps,13.00 pps,11.00 pps
corr-2d924c0114c5,hulu_manual,1.0,,USER_DATA_USAGE_MEASURES,2019-03-31T05:20:31Z,10.145.102.237,2019-03-31T05:20:30Z,6757,2546,4211,24,13,11,20368 bps,33688 bps,13.00 pps,11.00 pps
corr-2d924c0114c5,hulu_manual,1.0,,USER_DATA_USAGE_MEASURES,2019-03-31T05:20:32Z,10.145.102.237,2019-03-31T05:20:31Z,1650071,12320,1637751,1357,90,1267,98560 bps,13102008 bps,90.00 pps,1267.00 pps
corr-2d924c0114c5,hulu_manual,1.0,,USER_DATA_USAGE_MEASURES,2019-03-31T05:20:33Z,10.145.102.237,2019-03-31T05:20:32Z,61307,39330,21977,171,101,70,314640 bps,175816 bps,101.00 pps,70.00 pps
corr-2d924c0114c5,hulu_manual,1.0,,USER_DATA_USAGE_MEASURES,2019-03-31T05:20:34Z,10.145.102.237,2019-03-31T05:20:33Z,23423,9974,13449,84,46,38,79792 bps,107592 bps,46.00 pps,38.00 pps
corr-2d924c0114c5,hulu_manual,1.0,,USER_DATA_USAGE_MEASURES,2019-03-31T05:20:35Z,10.145.102.237,2019-03-31T05:20:34Z,62,0,62,1,0,1,0 bps,496 bps,0.00 pps,1.00 pps
corr-2d924c0114c5,hulu_manual,1.0,,USER_DATA_USAGE_MEASURES,2019-03-31T05:20:36Z,10.145.102.237,2019-03-31T05:20:35Z,0,0,0,0,0,0,0 bps,0 bps,0.00 pps,0.00 pps
corr-2d924c0114c5,hulu_manual,1.0,,USER_DATA_USAGE_MEASURES,2019-03-31T05:20:37Z,10.145.102.237,2019-03-31T05:20:36Z,1477038,4084,1472954,1195,64,1131,32672 bps,11783632 bps,64.00 pps,1131.00 pps
corr-2d924c0114c5,hulu_manual,1.0,,USER_DATA_USAGE_MEASURES,2019-03-31T05:20:38Z,10.145.102.237,2019-03-31T05:20:37Z,0,0,0,0,0,0,0 bps,0 bps,0.00 pps,0.00 pps
corr-2d924c0114c5,hulu_manual,1.0,,USER_DATA_USAGE_MEASURES,2019-03-31T05:20:39Z,10.145.102.237,2019-03-31T05:20:38Z,0,0,0,0,0,0,0 bps,0 bps,0.00 pps,0.00 pps
corr-2d924c0114c5,hulu_manual,1.0,,USER_DATA_USAGE_MEASURES,2019-03-31T05:20:40Z,10.145.102.237,2019-03-31T05:20:39Z,10801,3912,6889,28,16,12,31296 bps,55112 bps,16.00 pps,12.00 pps
corr-2d924c0114c5,hulu_manual,1.0,,USER_DATA_USAGE_MEASURES,2019-03-31T05:20:41Z,10.145.102.237,2019-03-31T05:20:40Z,0,0,0,0,0,0,0 bps,0 bps,0.00 pps,0.00 pps
corr-2d924c0114c5,hulu_manual,1.0,,USER_DATA_USAGE_MEASURES,2019-03-31T05:20:42Z,10.145.102.237,2019-03-31T05:20:41Z,1253371,4140,1249231,1023,65,958,33120 bps,9993848 bps,65.00 pps,958.00 pps
corr-2d924c0114c5,hulu_manual,1.0,,USER_DATA_USAGE_MEASURES,2019-03-31T05:20:43Z,10.145.102.237,2019-03-31T05:20:42Z,6697,2486,4211,24,13,11,19888 bps,33688 bps,13.00 pps,11.00 pps
corr-2d924c0114c5,hulu_manual,1.0,,USER_DATA_USAGE_MEASURES,2019-03-31T05:20:44Z,10.145.102.237,2019-03-31T05:20:43Z,0,0,0,0,0,0,0 bps,0 bps,0.00 pps,0.00 pps
corr-2d924c0114c5,hulu_manual,1.0,,USER_DATA_USAGE_MEASURES,2019-03-31T05:20:45Z,10.145.102.237,2019-03-31T05:20:44Z,0,0,0,0,0,0,0 bps,0 bps,0.00 pps,0.00 pps
corr-2d924c0114c5,hulu_manual,1.0,,USER_DATA_USAGE_MEASURES,2019-03-31T05:20:46Z,10.145.102.237,2019-03-31T05:20:45Z,0,0,0,0,0,0,0 bps,0 bps,0.00 pps,0.00 pps
corr-2d924c0114c5,hulu_manual,1.0,,USER_DATA_USAGE_MEASURES,2019-03-31T05:20:47Z,10.145.102.237,2019-03-31T05:20:46Z,1682134,11292,1670842,1410,121,1289,90336 bps,13366736 bps,121.00 pps,1289.00 pps
corr-2d924c0114c5,hulu_manual,1.0,,USER_DATA_USAGE_MEASURES,2019-03-31T05:20:48Z,10.145.102.237,2019-03-31T05:20:47Z,2161,837,1324,22,12,10,6696 bps,10592 bps,12.00 pps,10.00 pps
corr-2d924c0114c5,hulu_manual,1.0,,USER_DATA_USAGE_MEASURES,2019-03-31T05:20:49Z,10.145.102.237,2019-03-31T05:20:48Z,0,0,0,0,0,0,0 bps,0 bps,0.00 pps,0.00 pps
corr-2d924c0114c5,hulu_manual,1.0,,USER_DATA_USAGE_MEASURES,2019-03-31T05:20:50Z,10.145.102.237,2019-03-31T05:20:49Z,221,159,62,3,2,1,1272 bps,496 bps,2.00 pps,1.00 pps
corr-2d924c0114c5,hulu_manual,1.0,,USER_DATA_USAGE_MEASURES,2019-03-31T05:20:51Z,10.145.102.237,2019-03-31T05:20:50Z,62,0,62,1,0,1,0 bps,496 bps,0.00 pps,1.00 pps
corr-2d924c0114c5,hulu_manual,1.0,,USER_DATA_USAGE_MEASURES,2019-03-31T05:20:52Z,10.145.102.237,2019-03-31T05:20:51Z,2082698,16800,2065898,1847,263,1584,134400 bps,16527184 bps,263.00 pps,1584.00 pps
corr-2d924c0114c5,hulu_manual,1.0,,USER_DATA_USAGE_MEASURES,2019-03-31T05:20:53Z,10.145.102.237,2019-03-31T05:20:52Z,6697,2486,4211,24,13,11,19888 bps,33688 bps,13.00 pps,11.00 pps
corr-2d924c0114c5,hulu_manual,1.0,,USER_DATA_USAGE_MEASURES,2019-03-31T05:20:54Z,10.145.102.237,2019-03-31T05:20:53Z,0,0,0,0,0,0,0 bps,0 bps,0.00 pps,0.00 pps
corr-2d924c0114c5,hulu_manual,1.0,,USER_DATA_USAGE_MEASURES,2019-03-31T05:20:55Z,10.145.102.237,2019-03-31T05:20:54Z,0,0,0,0,0,0,0 bps,0 bps,0.00 pps,0.00 pps
corr-2d924c0114c5,hulu_manual,1.0,,USER_DATA_USAGE_MEASURES,2019-03-31T05:20:56Z,10.145.102.237,2019-03-31T05:20:55Z,0,0,0,0,0,0,0 bps,0 bps,0.00 pps,0.00 pps
corr-2d924c0114c5,hulu_manual,1.0,,USER_DATA_USAGE_MEASURES,2019-03-31T05:20:57Z,10.145.102.237,2019-03-31T05:20:56Z,2291165,10286,2280879,1923,174,1749,82288 bps,18247032 bps,174.00 pps,1749.00 pps
corr-2d924c0114c5,hulu_manual,1.0,,USER_DATA_USAGE_MEASURES,2019-03-31T05:20:58Z,10.145.102.237,2019-03-31T05:20:57Z,56,56,0,1,1,0,448 bps,0 bps,1.00 pps,0.00 pps
corr-2d924c0114c5,hulu_manual,1.0,,USER_DATA_USAGE_MEASURES,2019-03-31T05:20:59Z,10.145.102.237,2019-03-31T05:20:58Z,0,0,0,0,0,0,0 bps,0 bps,0.00 pps,0.00 pps
corr-2d924c0114c5,hulu_manual,1.0,,USER_DATA_USAGE_MEASURES,2019-03-31T05:21:00Z,10.145.102.237,2019-03-31T05:20:59Z,957,483,474,12,6,6,3864 bps,3792 bps,6.00 pps,6.00 pps
corr-2d924c0114c5,hulu_manual,1.0,,USER_DATA_USAGE_MEASURES,2019-03-31T05:21:01Z,10.145.102.237,2019-03-31T05:21:00Z,0,0,0,0,0,0,0 bps,0 bps,0.00 pps,0.00 pps
corr-2d924c0114c5,hulu_manual,1.0,,USER_DATA_USAGE_MEASURES,2019-03-31T05:21:02Z,10.145.102.237,2019-03-31T05:21:01Z,2322675,16246,2306429,1970,195,1775,129968 bps,18451432 bps,195.00 pps,1775.00 pps
corr-2d924c0114c5,hulu_manual,1.0,,USER_DATA_USAGE_MEASURES,2019-03-31T05:21:03Z,10.145.102.237,2019-03-31T05:21:02Z,52708,3138,49570,66,20,46,25104 bps,396560 bps,20.00 pps,46.00 pps
corr-2d924c0114c5,hulu_manual,1.0,,USER_DATA_USAGE_MEASURES,2019-03-31T05:21:04Z,10.145.102.237,2019-03-31T05:21:03Z,0,0,0,0,0,0,0 bps,0 bps,0.00 pps,0.00 pps
corr-2d924c0114c5,hulu_manual,1.0,,USER_DATA_USAGE_MEASURES,2019-03-31T05:21:05Z,10.145.102.237,2019-03-31T05:21:04Z,0,0,0,0,0,0,0 bps,0 bps,0.00 pps,0.00 pps
corr-2d924c0114c5,hulu_manual,1.0,,USER_DATA_USAGE_MEASURES,2019-03-31T05:21:06Z,10.145.102.237,2019-03-31T05:21:05Z,0,0,0,0,0,0,0 bps,0 bps,0.00 pps,0.00 pps
corr-2d924c0114c5,hulu_manual,1.0,,USER_DATA_USAGE_MEASURES,2019-03-31T05:21:07Z,10.145.102.237,2019-03-31T05:21:06Z,1872599,5122,1867477,1519,85,1434,40976 bps,14939816 bps,85.00 pps,1434.00 pps
corr-2d924c0114c5,hulu_manual,1.0,,USER_DATA_USAGE_MEASURES,2019-03-31T05:21:08Z,10.145.102.237,2019-03-31T05:21:07Z,544102,2376,541726,453,38,415,19008 bps,4333808 bps,38.00 pps,415.00 pps
corr-2d924c0114c5,hulu_manual,1.0,,USER_DATA_USAGE_MEASURES,2019-03-31T05:21:09Z,10.145.102.237,2019-03-31T05:21:08Z,0,0,0,0,0,0,0 bps,0 bps,0.00 pps,0.00 pps
corr-2d924c0114c5,hulu_manual,1.0,,USER_DATA_USAGE_MEASURES,2019-03-31T05:21:10Z,10.145.102.237,2019-03-31T05:21:09Z,0,0,0,0,0,0,0 bps,0 bps,0.00 pps,0.00 pps
corr-2d924c0114c5,hulu_manual,1.0,,USER_DATA_USAGE_MEASURES,2019-03-31T05:21:11Z,10.145.102.237,2019-03-31T05:21:10Z,0,0,0,0,0,0,0 bps,0 bps,0.00 pps,0.00 pps
corr-2d924c0114c5,hulu_manual,1.0,,USER_DATA_USAGE_MEASURES,2019-03-31T05:21:12Z,10.145.102.237,2019-03-31T05:21:11Z,2119098,11060,2108038,1808,193,1615,88480 bps,16864304 bps,193.00 pps,1615.00 pps
corr-2d924c0114c5,hulu_manual,1.0,,USER_DATA_USAGE_MEASURES,2019-03-31T05:21:13Z,10.145.102.237,2019-03-31T05:21:12Z,53528,3952,49576,83,34,49,31616 bps,396608 bps,34.00 pps,49.00 pps
corr-2d924c0114c5,hulu_manual,1.0,,USER_DATA_USAGE_MEASURES,2019-03-31T05:21:14Z,10.145.102.237,2019-03-31T05:21:13Z,0,0,0,0,0,0,0 bps,0 bps,0.00 pps,0.00 pps
corr-2d924c0114c5,hulu_manual,1.0,,USER_DATA_USAGE_MEASURES,2019-03-31T05:21:15Z,10.145.102.237,2019-03-31T05:21:14Z,0,0,0,0,0,0,0 bps,0 bps,0.00 pps,0.00 pps
corr-2d924c0114c5,hulu_manual,1.0,,USER_DATA_USAGE_MEASURES,2019-03-31T05:21:16Z,10.145.102.237,2019-03-31T05:21:15Z,7392,1150,6242,27,14,13,9200 bps,49936 bps,14.00 pps,13.00 pps
corr-2d924c0114c5,hulu_manual,1.0,,USER_DATA_USAGE_MEASURES,2019-03-31T05:21:17Z,10.145.102.237,2019-03-31T05:21:16Z,2172436,10749,2161687,1821,157,1664,85992 bps,17293496 bps,157.00 pps,1664.00 pps
corr-2d924c0114c5,hulu_manual,1.0,,USER_DATA_USAGE_MEASURES,2019-03-31T05:21:18Z,10.145.102.237,2019-03-31T05:21:17Z,46889,1368,45521,56,20,36,10944 bps,364168 bps,20.00 pps,36.00 pps
corr-2d924c0114c5,hulu_manual,1.0,,USER_DATA_USAGE_MEASURES,2019-03-31T05:21:19Z,10.145.102.237,2019-03-31T05:21:18Z,0,0,0,0,0,0,0 bps,0 bps,0.00 pps,0.00 pps
corr-2d924c0114c5,hulu_manual,1.0,,USER_DATA_USAGE_MEASURES,2019-03-31T05:21:20Z,10.145.102.237,2019-03-31T05:21:19Z,2015,1572,443,5,3,2,12576 bps,3544 bps,3.00 pps,2.00 pps
corr-2d924c0114c5,hulu_manual,1.0,,USER_DATA_USAGE_MEASURES,2019-03-31T05:21:21Z,10.145.102.237,2019-03-31T05:21:20Z,0,0,0,0,0,0,0 bps,0 bps,0.00 pps,0.00 pps
corr-2d924c0114c5,hulu_manual,1.0,,USER_DATA_USAGE_MEASURES,2019-03-31T05:21:22Z,10.145.102.237,2019-03-31T05:21:21Z,1884461,6804,1877657,1557,117,1440,54432 bps,15021256 bps,117.00 pps,1440.00 pps
corr-2d924c0114c5,hulu_manual,1.0,,USER_DATA_USAGE_MEASURES,2019-03-31T05:21:23Z,10.145.102.237,2019-03-31T05:21:22Z,53350,3743,49607,78,31,47,29944 bps,396856 bps,31.00 pps,47.00 pps
corr-2d924c0114c5,hulu_manual,1.0,,USER_DATA_USAGE_MEASURES,2019-03-31T05:21:24Z,10.145.102.237,2019-03-31T05:21:23Z,0,0,0,0,0,0,0 bps,0 bps,0.00 pps,0.00 pps
corr-2d924c0114c5,hulu_manual,1.0,,USER_DATA_USAGE_MEASURES,2019-03-31T05:21:25Z,10.145.102.237,2019-03-31T05:21:24Z,0,0,0,0,0,0,0 bps,0 bps,0.00 pps,0.00 pps
corr-2d924c0114c5,hulu_manual,1.0,,USER_DATA_USAGE_MEASURES,2019-03-31T05:21:26Z,10.145.102.237,2019-03-31T05:21:25Z,0,0,0,0,0,0,0 bps,0 bps,0.00 pps,0.00 pps
corr-2d924c0114c5,hulu_manual,1.0,,USER_DATA_USAGE_MEASURES,2019-03-31T05:21:27Z,10.145.102.237,2019-03-31T05:21:26Z,2122139,7385,2114754,1747,125,1622,59080 bps,16918032 bps,125.00 pps,1622.00 pps
corr-2d924c0114c5,hulu_manual,1.0,,USER_DATA_USAGE_MEASURES,2019-03-31T05:21:28Z,10.145.102.237,2019-03-31T05:21:27Z,46935,1424,45511,57,21,36,11392 bps,364088 bps,21.00 pps,36.00 pps
corr-2d924c0114c5,hulu_manual,1.0,,USER_DATA_USAGE_MEASURES,2019-03-31T05:21:29Z,10.145.102.237,2019-03-31T05:21:28Z,0,0,0,0,0,0,0 bps,0 bps,0.00 pps,0.00 pps
corr-2d924c0114c5,hulu_manual,1.0,,USER_DATA_USAGE_MEASURES,2019-03-31T05:21:30Z,10.145.102.237,2019-03-31T05:21:29Z,0,0,0,0,0,0,0 bps,0 bps,0.00 pps,0.00 pps
corr-2d924c0114c5,hulu_manual,1.0,,USER_DATA_USAGE_MEASURES,2019-03-31T05:21:31Z,10.145.102.237,2019-03-31T05:21:30Z,14693,7887,6806,40,22,18,63096 bps,54448 bps,22.00 pps,18.00 pps
corr-2d924c0114c5,hulu_manual,1.0,,USER_DATA_USAGE_MEASURES,2019-03-31T05:21:32Z,10.145.102.237,2019-03-31T05:21:31Z,1897247,10753,1886494,1548,99,1449,86024 bps,15091952 bps,99.00 pps,1449.00 pps
corr-2d924c0114c5,hulu_manual,1.0,,USER_DATA_USAGE_MEASURES,2019-03-31T05:21:33Z,10.145.102.237,2019-03-31T05:21:32Z,53748,4135,49613,85,38,47,33080 bps,396904 bps,38.00 pps,47.00 pps
corr-2d924c0114c5,hulu_manual,1.0,,USER_DATA_USAGE_MEASURES,2019-03-31T05:21:34Z,10.145.102.237,2019-03-31T05:21:33Z,0,0,0,0,0,0,0 bps,0 bps,0.00 pps,0.00 pps
corr-2d924c0114c5,hulu_manual,1.0,,USER_DATA_USAGE_MEASURES,2019-03-31T05:21:35Z,10.145.102.237,2019-03-31T05:21:34Z,0,0,0,0,0,0,0 bps,0 bps,0.00 pps,0.00 pps
corr-2d924c0114c5,hulu_manual,1.0,,USER_DATA_USAGE_MEASURES,2019-03-31T05:21:36Z,10.145.102.237,2019-03-31T05:21:35Z,0,0,0,0,0,0,0 bps,0 bps,0.00 pps,0.00 pps
corr-2d924c0114c5,hulu_manual,1.0,,USER_DATA_USAGE_MEASURES,2019-03-31T05:21:37Z,10.145.102.237,2019-03-31T05:21:36Z,1845369,10094,1835275,1583,175,1408,80752 bps,14682200 bps,175.00 pps,1408.00 pps
corr-2d924c0114c5,hulu_manual,1.0,,USER_DATA_USAGE_MEASURES,2019-03-31T05:21:38Z,10.145.102.237,2019-03-31T05:21:37Z,46149,640,45509,43,7,36,5120 bps,364072 bps,7.00 pps,36.00 pps
corr-2d924c0114c5,hulu_manual,1.0,,USER_DATA_USAGE_MEASURES,2019-03-31T05:21:39Z,10.145.102.237,2019-03-31T05:21:38Z,0,0,0,0,0,0,0 bps,0 bps,0.00 pps,0.00 pps
corr-2d924c0114c5,hulu_manual,1.0,,USER_DATA_USAGE_MEASURES,2019-03-31T05:21:40Z,10.145.102.237,2019-03-31T05:21:39Z,0,0,0,0,0,0,0 bps,0 bps,0.00 pps,0.00 pps
corr-2d924c0114c5,hulu_manual,1.0,,USER_DATA_USAGE_MEASURES,2019-03-31T05:21:41Z,10.145.102.237,2019-03-31T05:21:40Z,0,0,0,0,0,0,0 bps,0 bps,0.00 pps,0.00 pps
corr-2d924c0114c5,hulu_manual,1.0,,USER_DATA_USAGE_MEASURES,2019-03-31T05:21:42Z,10.145.102.237,2019-03-31T05:21:41Z,2137482,8596,2128886,1781,149,1632,68768 bps,17031088 bps,149.00 pps,1632.00 pps
corr-2d924c0114c5,hulu_manual,1.0,,USER_DATA_USAGE_MEASURES,2019-03-31T05:21:43Z,10.145.102.237,2019-03-31T05:21:42Z,6699,2488,4211,24,13,11,19904 bps,33688 bps,13.00 pps,11.00 pps
corr-2d924c0114c5,hulu_manual,1.0,,USER_DATA_USAGE_MEASURES,2019-03-31T05:21:44Z,10.145.102.237,2019-03-31T05:21:43Z,45910,584,45326,42,6,36,4672 bps,362608 bps,6.00 pps,36.00 pps
corr-2d924c0114c5,hulu_manual,1.0,,USER_DATA_USAGE_MEASURES,2019-03-31T05:21:45Z,10.145.102.237,2019-03-31T05:21:44Z,0,0,0,0,0,0,0 bps,0 bps,0.00 pps,0.00 pps
corr-2d924c0114c5,hulu_manual,1.0,,USER_DATA_USAGE_MEASURES,2019-03-31T05:21:46Z,10.145.102.237,2019-03-31T05:21:45Z,0,0,0,0,0,0,0 bps,0 bps,0.00 pps,0.00 pps
corr-2d924c0114c5,hulu_manual,1.0,,USER_DATA_USAGE_MEASURES,2019-03-31T05:21:47Z,10.145.102.237,2019-03-31T05:21:46Z,1735418,7834,1727584,1459,133,1326,62672 bps,13820672 bps,133.00 pps,1326.00 pps
corr-2d924c0114c5,hulu_manual,1.0,,USER_DATA_USAGE_MEASURES,2019-03-31T05:21:48Z,10.145.102.237,2019-03-31T05:21:47Z,383,216,167,5,3,2,1728 bps,1336 bps,3.00 pps,2.00 pps
corr-2d924c0114c5,hulu_manual,1.0,,USER_DATA_USAGE_MEASURES,2019-03-31T05:21:49Z,10.145.102.237,2019-03-31T05:21:48Z,46328,920,45408,48,12,36,7360 bps,363264 bps,12.00 pps,36.00 pps
corr-2d924c0114c5,hulu_manual,1.0,,USER_DATA_USAGE_MEASURES,2019-03-31T05:21:50Z,10.145.102.237,2019-03-31T05:21:49Z,0,0,0,0,0,0,0 bps,0 bps,0.00 pps,0.00 pps
corr-2d924c0114c5,hulu_manual,1.0,,USER_DATA_USAGE_MEASURES,2019-03-31T05:21:51Z,10.145.102.237,2019-03-31T05:21:50Z,0,0,0,0,0,0,0 bps,0 bps,0.00 pps,0.00 pps
corr-2d924c0114c5,hulu_manual,1.0,,USER_DATA_USAGE_MEASURES,2019-03-31T05:21:52Z,10.145.102.237,2019-03-31T05:21:51Z,1727327,7064,1720263,1438,116,1322,56512 bps,13762104 bps,116.00 pps,1322.00 pps
corr-2d924c0114c5,hulu_manual,1.0,,USER_DATA_USAGE_MEASURES,2019-03-31T05:21:53Z,10.145.102.237,2019-03-31T05:21:52Z,7036,2825,4211,24,13,11,22600 bps,33688 bps,13.00 pps,11.00 pps
corr-2d924c0114c5,hulu_manual,1.0,,USER_DATA_USAGE_MEASURES,2019-03-31T05:21:54Z,10.145.102.237,2019-03-31T05:21:53Z,47017,1592,45425,60,24,36,12736 bps,363400 bps,24.00 pps,36.00 pps
corr-2d924c0114c5,hulu_manual,1.0,,USER_DATA_USAGE_MEASURES,2019-03-31T05:21:55Z,10.145.102.237,2019-03-31T05:21:54Z,0,0,0,0,0,0,0 bps,0 bps,0.00 pps,0.00 pps
corr-2d924c0114c5,hulu_manual,1.0,,USER_DATA_USAGE_MEASURES,2019-03-31T05:21:56Z,10.145.102.237,2019-03-31T05:21:55Z,0,0,0,0,0,0,0 bps,0 bps,0.00 pps,0.00 pps
corr-2d924c0114c5,hulu_manual,1.0,,USER_DATA_USAGE_MEASURES,2019-03-31T05:21:57Z,10.145.102.237,2019-03-31T05:21:56Z,2414192,11494,2402698,2042,200,1842,91952 bps,19221584 bps,200.00 pps,1842.00 pps
corr-2d924c0114c5,hulu_manual,1.0,,USER_DATA_USAGE_MEASURES,2019-03-31T05:21:58Z,10.145.102.237,2019-03-31T05:21:57Z,118,56,62,2,1,1,448 bps,496 bps,1.00 pps,1.00 pps
corr-2d924c0114c5,hulu_manual,1.0,,USER_DATA_USAGE_MEASURES,2019-03-31T05:21:59Z,10.145.102.237,2019-03-31T05:21:58Z,46728,1256,45472,55,18,37,10048 bps,363776 bps,18.00 pps,37.00 pps
corr-2d924c0114c5,hulu_manual,1.0,,USER_DATA_USAGE_MEASURES,2019-03-31T05:22:00Z,10.145.102.237,2019-03-31T05:21:59Z,2017,1574,443,5,3,2,12592 bps,3544 bps,3.00 pps,2.00 pps
corr-2d924c0114c5,hulu_manual,1.0,,USER_DATA_USAGE_MEASURES,2019-03-31T05:22:01Z,10.145.102.237,2019-03-31T05:22:00Z,0,0,0,0,0,0,0 bps,0 bps,0.00 pps,0.00 pps
corr-2d924c0114c5,hulu_manual,1.0,,USER_DATA_USAGE_MEASURES,2019-03-31T05:22:02Z,10.145.102.237,2019-03-31T05:22:01Z,2207892,11092,2196800,1793,105,1688,88736 bps,17574400 bps,105.00 pps,1688.00 pps
corr-2d924c0114c5,hulu_manual,1.0,,USER_DATA_USAGE_MEASURES,2019-03-31T05:22:03Z,10.145.102.237,2019-03-31T05:22:02Z,5956,2229,3727,17,10,7,17832 bps,29816 bps,10.00 pps,7.00 pps
corr-2d924c0114c5,hulu_manual,1.0,,USER_DATA_USAGE_MEASURES,2019-03-31T05:22:04Z,10.145.102.237,2019-03-31T05:22:03Z,47610,1592,46018,63,23,40,12736 bps,368144 bps,23.00 pps,40.00 pps
corr-2d924c0114c5,hulu_manual,1.0,,USER_DATA_USAGE_MEASURES,2019-03-31T05:22:05Z,10.145.102.237,2019-03-31T05:22:04Z,0,0,0,0,0,0,0 bps,0 bps,0.00 pps,0.00 pps
corr-2d924c0114c5,hulu_manual,1.0,,USER_DATA_USAGE_MEASURES,2019-03-31T05:22:06Z,10.145.102.237,2019-03-31T05:22:05Z,0,0,0,0,0,0,0 bps,0 bps,0.00 pps,0.00 pps
corr-2d924c0114c5,hulu_manual,1.0,,USER_DATA_USAGE_MEASURES,2019-03-31T05:22:07Z,10.145.102.237,2019-03-31T05:22:06Z,2065383,8918,2056465,1729,153,1576,71344 bps,16451720 bps,153.00 pps,1576.00 pps
corr-2d924c0114c5,hulu_manual,1.0,,USER_DATA_USAGE_MEASURES,2019-03-31T05:22:08Z,10.145.102.237,2019-03-31T05:22:07Z,0,0,0,0,0,0,0 bps,0 bps,0.00 pps,0.00 pps
corr-2d924c0114c5,hulu_manual,1.0,,USER_DATA_USAGE_MEASURES,2019-03-31T05:22:09Z,10.145.102.237,2019-03-31T05:22:08Z,46931,1594,45337,59,24,35,12752 bps,362696 bps,24.00 pps,35.00 pps
corr-2d924c0114c5,hulu_manual,1.0,,USER_DATA_USAGE_MEASURES,2019-03-31T05:22:10Z,10.145.102.237,2019-03-31T05:22:09Z,1683,1621,62,3,2,1,12968 bps,496 bps,2.00 pps,1.00 pps
corr-2d924c0114c5,hulu_manual,1.0,,USER_DATA_USAGE_MEASURES,2019-03-31T05:22:11Z,10.145.102.237,2019-03-31T05:22:10Z,4213,3549,664,11,6,5,28392 bps,5312 bps,6.00 pps,5.00 pps
corr-2d924c0114c5,hulu_manual,1.0,,USER_DATA_USAGE_MEASURES,2019-03-31T05:22:12Z,10.145.102.237,2019-03-31T05:22:11Z,2116569,9772,2106797,1785,170,1615,78176 bps,16854376 bps,170.00 pps,1615.00 pps
corr-2d924c0114c5,hulu_manual,1.0,,USER_DATA_USAGE_MEASURES,2019-03-31T05:22:13Z,10.145.102.237,2019-03-31T05:22:12Z,8190,1673,6517,31,16,15,13384 bps,52136 bps,16.00 pps,15.00 pps
corr-2d924c0114c5,hulu_manual,1.0,,USER_DATA_USAGE_MEASURES,2019-03-31T05:22:14Z,10.145.102.237,2019-03-31T05:22:13Z,68432,9366,59066,115,50,65,74928 bps,472528 bps,50.00 pps,65.00 pps
corr-2d924c0114c5,hulu_manual,1.0,,USER_DATA_USAGE_MEASURES,2019-03-31T05:22:15Z,10.145.102.237,2019-03-31T05:22:14Z,46612,16030,30582,119,62,57,128240 bps,244656 bps,62.00 pps,57.00 pps
corr-2d924c0114c5,hulu_manual,1.0,,USER_DATA_USAGE_MEASURES,2019-03-31T05:22:16Z,10.145.102.237,2019-03-31T05:22:15Z,0,0,0,0,0,0,0 bps,0 bps,0.00 pps,0.00 pps
corr-2d924c0114c5,hulu_manual,1.0,,USER_DATA_USAGE_MEASURES,2019-03-31T05:22:17Z,10.145.102.237,2019-03-31T05:22:16Z,2129337,8246,2121091,1770,142,1628,65968 bps,16968728 bps,142.00 pps,1628.00 pps
corr-2d924c0114c5,hulu_manual,1.0,,USER_DATA_USAGE_MEASURES,2019-03-31T05:22:18Z,10.145.102.237,2019-03-31T05:22:17Z,3137,481,2656,12,6,6,3848 bps,21248 bps,6.00 pps,6.00 pps
corr-2d924c0114c5,hulu_manual,1.0,,USER_DATA_USAGE_MEASURES,2019-03-31T05:22:19Z,10.145.102.237,2019-03-31T05:22:18Z,46854,1594,45260,61,24,37,12752 bps,362080 bps,24.00 pps,37.00 pps
corr-2d924c0114c5,hulu_manual,1.0,,USER_DATA_USAGE_MEASURES,2019-03-31T05:22:20Z,10.145.102.237,2019-03-31T05:22:19Z,0,0,0,0,0,0,0 bps,0 bps,0.00 pps,0.00 pps
corr-2d924c0114c5,hulu_manual,1.0,,USER_DATA_USAGE_MEASURES,2019-03-31T05:22:21Z,10.145.102.237,2019-03-31T05:22:20Z,0,0,0,0,0,0,0 bps,0 bps,0.00 pps,0.00 pps
corr-2d924c0114c5,hulu_manual,1.0,,USER_DATA_USAGE_MEASURES,2019-03-31T05:22:22Z,10.145.102.237,2019-03-31T05:22:21Z,2068462,7420,2061042,1708,128,1580,59360 bps,16488336 bps,128.00 pps,1580.00 pps
corr-2d924c0114c5,hulu_manual,1.0,,USER_DATA_USAGE_MEASURES,2019-03-31T05:22:23Z,10.145.102.237,2019-03-31T05:22:22Z,168,168,0,3,3,0,1344 bps,0 bps,3.00 pps,0.00 pps
corr-2d924c0114c5,hulu_manual,1.0,,USER_DATA_USAGE_MEASURES,2019-03-31T05:22:24Z,10.145.102.237,2019-03-31T05:22:23Z,53719,4151,49568,78,32,46,33208 bps,396544 bps,32.00 pps,46.00 pps
corr-2d924c0114c5,hulu_manual,1.0,,USER_DATA_USAGE_MEASURES,2019-03-31T05:22:25Z,10.145.102.237,2019-03-31T05:22:24Z,0,0,0,0,0,0,0 bps,0 bps,0.00 pps,0.00 pps
corr-2d924c0114c5,hulu_manual,1.0,,USER_DATA_USAGE_MEASURES,2019-03-31T05:22:26Z,10.145.102.237,2019-03-31T05:22:25Z,0,0,0,0,0,0,0 bps,0 bps,0.00 pps,0.00 pps
corr-2d924c0114c5,hulu_manual,1.0,,USER_DATA_USAGE_MEASURES,2019-03-31T05:22:27Z,10.145.102.237,2019-03-31T05:22:26Z,1965720,13782,1951938,1715,220,1495,110256 bps,15615504 bps,220.00 pps,1495.00 pps
corr-2d924c0114c5,hulu_manual,1.0,,USER_DATA_USAGE_MEASURES,2019-03-31T05:22:28Z,10.145.102.237,2019-03-31T05:22:27Z,0,0,0,0,0,0,0 bps,0 bps,0.00 pps,0.00 pps
corr-2d924c0114c5,hulu_manual,1.0,,USER_DATA_USAGE_MEASURES,2019-03-31T05:22:29Z,10.145.102.237,2019-03-31T05:22:28Z,0,0,0,0,0,0,0 bps,0 bps,0.00 pps,0.00 pps
corr-2d924c0114c5,hulu_manual,1.0,,USER_DATA_USAGE_MEASURES,2019-03-31T05:22:30Z,10.145.102.237,2019-03-31T05:22:29Z,47213,1459,45754,60,21,39,11672 bps,366032 bps,21.00 pps,39.00 pps
corr-2d924c0114c5,hulu_manual,1.0,,USER_DATA_USAGE_MEASURES,2019-03-31T05:22:31Z,10.145.102.237,2019-03-31T05:22:30Z,0,0,0,0,0,0,0 bps,0 bps,0.00 pps,0.00 pps
corr-2d924c0114c5,hulu_manual,1.0,,USER_DATA_USAGE_MEASURES,2019-03-31T05:22:32Z,10.145.102.237,2019-03-31T05:22:31Z,1759513,11540,1747973,1457,113,1344,92320 bps,13983784 bps,113.00 pps,1344.00 pps
corr-2d924c0114c5,hulu_manual,1.0,,USER_DATA_USAGE_MEASURES,2019-03-31T05:22:33Z,10.145.102.237,2019-03-31T05:22:32Z,0,0,0,0,0,0,0 bps,0 bps,0.00 pps,0.00 pps
corr-2d924c0114c5,hulu_manual,1.0,,USER_DATA_USAGE_MEASURES,2019-03-31T05:22:34Z,10.145.102.237,2019-03-31T05:22:33Z,6699,2488,4211,24,13,11,19904 bps,33688 bps,13.00 pps,11.00 pps
corr-2d924c0114c5,hulu_manual,1.0,,USER_DATA_USAGE_MEASURES,2019-03-31T05:22:35Z,10.145.102.237,2019-03-31T05:22:34Z,46948,1482,45466,57,22,35,11856 bps,363728 bps,22.00 pps,35.00 pps
corr-2d924c0114c5,hulu_manual,1.0,,USER_DATA_USAGE_MEASURES,2019-03-31T05:22:36Z,10.145.102.237,2019-03-31T05:22:35Z,0,0,0,0,0,0,0 bps,0 bps,0.00 pps,0.00 pps
corr-2d924c0114c5,hulu_manual,1.0,,USER_DATA_USAGE_MEASURES,2019-03-31T05:22:37Z,10.145.102.237,2019-03-31T05:22:36Z,1963806,6860,1956946,1620,118,1502,54880 bps,15655568 bps,118.00 pps,1502.00 pps
corr-2d924c0114c5,hulu_manual,1.0,,USER_DATA_USAGE_MEASURES,2019-03-31T05:22:38Z,10.145.102.237,2019-03-31T05:22:37Z,112,112,0,2,2,0,896 bps,0 bps,2.00 pps,0.00 pps
corr-2d924c0114c5,hulu_manual,1.0,,USER_DATA_USAGE_MEASURES,2019-03-31T05:22:39Z,10.145.102.237,2019-03-31T05:22:38Z,0,0,0,0,0,0,0 bps,0 bps,0.00 pps,0.00 pps
corr-2d924c0114c5,hulu_manual,1.0,,USER_DATA_USAGE_MEASURES,2019-03-31T05:22:40Z,10.145.102.237,2019-03-31T05:22:39Z,48948,3058,45890,63,25,38,24464 bps,367120 bps,25.00 pps,38.00 pps
corr-2d924c0114c5,hulu_manual,1.0,,USER_DATA_USAGE_MEASURES,2019-03-31T05:22:41Z,10.145.102.237,2019-03-31T05:22:40Z,0,0,0,0,0,0,0 bps,0 bps,0.00 pps,0.00 pps
corr-2d924c0114c5,hulu_manual,1.0,,USER_DATA_USAGE_MEASURES,2019-03-31T05:22:42Z,10.145.102.237,2019-03-31T05:22:41Z,1905573,6398,1899175,1564,109,1455,51184 bps,15193400 bps,109.00 pps,1455.00 pps
corr-2d924c0114c5,hulu_manual,1.0,,USER_DATA_USAGE_MEASURES,2019-03-31T05:22:43Z,10.145.102.237,2019-03-31T05:22:42Z,56,56,0,1,1,0,448 bps,0 bps,1.00 pps,0.00 pps
corr-2d924c0114c5,hulu_manual,1.0,,USER_DATA_USAGE_MEASURES,2019-03-31T05:22:44Z,10.145.102.237,2019-03-31T05:22:43Z,6699,2488,4211,24,13,11,19904 bps,33688 bps,13.00 pps,11.00 pps
corr-2d924c0114c5,hulu_manual,1.0,,USER_DATA_USAGE_MEASURES,2019-03-31T05:22:45Z,10.145.102.237,2019-03-31T05:22:44Z,35421,20816,14605,94,53,41,166528 bps,116840 bps,53.00 pps,41.00 pps
corr-2d924c0114c5,hulu_manual,1.0,,USER_DATA_USAGE_MEASURES,2019-03-31T05:22:46Z,10.145.102.237,2019-03-31T05:22:45Z,1934,1663,271,7,4,3,13304 bps,2168 bps,4.00 pps,3.00 pps
corr-2d924c0114c5,hulu_manual,1.0,,USER_DATA_USAGE_MEASURES,2019-03-31T05:22:47Z,10.145.102.237,2019-03-31T05:22:46Z,276835,77285,199550,484,262,222,618280 bps,1596400 bps,262.00 pps,222.00 pps
corr-2d924c0114c5,hulu_manual,1.0,,USER_DATA_USAGE_MEASURES,2019-03-31T05:22:48Z,10.145.102.237,2019-03-31T05:22:47Z,26352,18818,7534,57,30,27,150544 bps,60272 bps,30.00 pps,27.00 pps
corr-2d924c0114c5,hulu_manual,1.0,,USER_DATA_USAGE_MEASURES,2019-03-31T05:22:49Z,10.145.102.237,2019-03-31T05:22:48Z,382190,25143,357047,378,66,312,201144 bps,2856376 bps,66.00 pps,312.00 pps
corr-2d924c0114c5,hulu_manual,1.0,,USER_DATA_USAGE_MEASURES,2019-03-31T05:22:50Z,10.145.102.237,2019-03-31T05:22:49Z,5887,5229,658,14,7,7,41832 bps,5264 bps,7.00 pps,7.00 pps
corr-2d924c0114c5,hulu_manual,1.0,,USER_DATA_USAGE_MEASURES,2019-03-31T05:22:51Z,10.145.102.237,2019-03-31T05:22:50Z,0,0,0,0,0,0,0 bps,0 bps,0.00 pps,0.00 pps
corr-2d924c0114c5,hulu_manual,1.0,,USER_DATA_USAGE_MEASURES,2019-03-31T05:22:52Z,10.145.102.237,2019-03-31T05:22:51Z,0,0,0,0,0,0,0 bps,0 bps,0.00 pps,0.00 pps
corr-2d924c0114c5,hulu_manual,1.0,,USER_DATA_USAGE_MEASURES,2019-03-31T05:22:53Z,10.145.102.237,2019-03-31T05:22:52Z,195839,7489,188350,226,55,171,59912 bps,1506800 bps,55.00 pps,171.00 pps
corr-2d924c0114c5,hulu_manual,1.0,,USER_DATA_USAGE_MEASURES,2019-03-31T05:22:54Z,10.145.102.237,2019-03-31T05:22:53Z,120874,3588,117286,119,16,103,28704 bps,938288 bps,16.00 pps,103.00 pps
corr-2d924c0114c5,hulu_manual,1.0,,USER_DATA_USAGE_MEASURES,2019-03-31T05:22:55Z,10.145.102.237,2019-03-31T05:22:54Z,4313,4177,136,7,5,2,33416 bps,1088 bps,5.00 pps,2.00 pps
corr-2d924c0114c5,hulu_manual,1.0,,USER_DATA_USAGE_MEASURES,2019-03-31T05:22:56Z,10.145.102.237,2019-03-31T05:22:55Z,9937,7771,2166,25,12,13,62168 bps,17328 bps,12.00 pps,13.00 pps
corr-2d924c0114c5,hulu_manual,1.0,,USER_DATA_USAGE_MEASURES,2019-03-31T05:22:57Z,10.145.102.237,2019-03-31T05:22:56Z,0,0,0,0,0,0,0 bps,0 bps,0.00 pps,0.00 pps
corr-2d924c0114c5,hulu_manual,1.0,,USER_DATA_USAGE_MEASURES,2019-03-31T05:22:58Z,10.145.102.237,2019-03-31T05:22:57Z,11907,8080,3827,24,14,10,64640 bps,30616 bps,14.00 pps,10.00 pps
corr-2d924c0114c5,hulu_manual,1.0,,USER_DATA_USAGE_MEASURES,2019-03-31T05:22:59Z,10.145.102.237,2019-03-31T05:22:58Z,7412,6322,1090,20,10,10,50576 bps,8720 bps,10.00 pps,10.00 pps
corr-2d924c0114c5,hulu_manual,1.0,,USER_DATA_USAGE_MEASURES,2019-03-31T05:23:00Z,10.145.102.237,2019-03-31T05:22:59Z,1015,471,544,13,7,6,3768 bps,4352 bps,7.00 pps,6.00 pps
corr-2d924c0114c5,hulu_manual,1.0,,USER_DATA_USAGE_MEASURES,2019-03-31T05:23:01Z,10.145.102.237,2019-03-31T05:23:00Z,731107,49665,681442,842,235,607,397320 bps,5451536 bps,235.00 pps,607.00 pps
corr-2d924c0114c5,hulu_manual,1.0,,USER_DATA_USAGE_MEASURES,2019-03-31T05:23:02Z,10.145.102.237,2019-03-31T05:23:01Z,5959,5369,590,13,7,6,42952 bps,4720 bps,7.00 pps,6.00 pps
corr-2d924c0114c5,hulu_manual,1.0,,USER_DATA_USAGE_MEASURES,2019-03-31T05:23:03Z,10.145.102.237,2019-03-31T05:23:02Z,0,0,0,0,0,0,0 bps,0 bps,0.00 pps,0.00 pps
corr-2d924c0114c5,hulu_manual,1.0,,USER_DATA_USAGE_MEASURES,2019-03-31T05:23:04Z,10.145.102.237,2019-03-31T05:23:03Z,85656,2882,82774,99,24,75,23056 bps,662192 bps,24.00 pps,75.00 pps
corr-2d924c0114c5,hulu_manual,1.0,,USER_DATA_USAGE_MEASURES,2019-03-31T05:23:05Z,10.145.102.237,2019-03-31T05:23:04Z,195271,5759,189512,223,48,175,46072 bps,1516096 bps,48.00 pps,175.00 pps
corr-2d924c0114c5,hulu_manual,1.0,,USER_DATA_USAGE_MEASURES,2019-03-31T05:23:06Z,10.145.102.237,2019-03-31T05:23:05Z,858,403,455,12,6,6,3224 bps,3640 bps,6.00 pps,6.00 pps
corr-2d924c0114c5,hulu_manual,1.0,,USER_DATA_USAGE_MEASURES,2019-03-31T05:23:07Z,10.145.102.237,2019-03-31T05:23:06Z,215673,6856,208817,240,63,177,54848 bps,1670536 bps,63.00 pps,177.00 pps
corr-2d924c0114c5,hulu_manual,1.0,,USER_DATA_USAGE_MEASURES,2019-03-31T05:23:08Z,10.145.102.237,2019-03-31T05:23:07Z,0,0,0,0,0,0,0 bps,0 bps,0.00 pps,0.00 pps
corr-2d924c0114c5,hulu_manual,1.0,,USER_DATA_USAGE_MEASURES,2019-03-31T05:23:09Z,10.145.102.237,2019-03-31T05:23:08Z,0,0,0,0,0,0,0 bps,0 bps,0.00 pps,0.00 pps
corr-2d924c0114c5,hulu_manual,1.0,,USER_DATA_USAGE_MEASURES,2019-03-31T05:23:10Z,10.145.102.237,2019-03-31T05:23:09Z,0,0,0,0,0,0,0 bps,0 bps,0.00 pps,0.00 pps
corr-2d924c0114c5,hulu_manual,1.0,,USER_DATA_USAGE_MEASURES,2019-03-31T05:23:11Z,10.145.102.237,2019-03-31T05:23:10Z,569302,44783,524519,652,168,484,358264 bps,4196152 bps,168.00 pps,484.00 pps
corr-2d924c0114c5,hulu_manual,1.0,,USER_DATA_USAGE_MEASURES,2019-03-31T05:23:12Z,10.145.102.237,2019-03-31T05:23:11Z,4169,3647,522,10,5,5,29176 bps,4176 bps,5.00 pps,5.00 pps
corr-2d924c0114c5,hulu_manual,1.0,,USER_DATA_USAGE_MEASURES,2019-03-31T05:23:13Z,10.145.102.237,2019-03-31T05:23:12Z,4027,4027,0,4,4,0,32216 bps,0 bps,4.00 pps,0.00 pps
corr-2d924c0114c5,hulu_manual,1.0,,USER_DATA_USAGE_MEASURES,2019-03-31T05:23:14Z,10.145.102.237,2019-03-31T05:23:13Z,115636,11931,103705,140,37,103,95448 bps,829640 bps,37.00 pps,103.00 pps
corr-2d924c0114c5,hulu_manual,1.0,,USER_DATA_USAGE_MEASURES,2019-03-31T05:23:15Z,10.145.102.237,2019-03-31T05:23:14Z,0,0,0,0,0,0,0 bps,0 bps,0.00 pps,0.00 pps
corr-2d924c0114c5,hulu_manual,1.0,,USER_DATA_USAGE_MEASURES,2019-03-31T05:23:16Z,10.145.102.237,2019-03-31T05:23:15Z,8874,1647,7227,36,19,17,13176 bps,57816 bps,19.00 pps,17.00 pps
corr-2d924c0114c5,hulu_manual,1.0,,USER_DATA_USAGE_MEASURES,2019-03-31T05:23:17Z,10.145.102.237,2019-03-31T05:23:16Z,144237,7546,136691,165,35,130,60368 bps,1093528 bps,35.00 pps,130.00 pps
corr-2d924c0114c5,hulu_manual,1.0,,USER_DATA_USAGE_MEASURES,2019-03-31T05:23:18Z,10.145.102.237,2019-03-31T05:23:17Z,365077,14979,350098,413,110,303,119832 bps,2800784 bps,110.00 pps,303.00 pps
corr-2d924c0114c5,hulu_manual,1.0,,USER_DATA_USAGE_MEASURES,2019-03-31T05:23:19Z,10.145.102.237,2019-03-31T05:23:18Z,0,0,0,0,0,0,0 bps,0 bps,0.00 pps,0.00 pps
corr-2d924c0114c5,hulu_manual,1.0,,USER_DATA_USAGE_MEASURES,2019-03-31T05:23:20Z,10.145.102.237,2019-03-31T05:23:19Z,189034,5974,183060,198,43,155,47792 bps,1464480 bps,43.00 pps,155.00 pps
corr-2d924c0114c5,hulu_manual,1.0,,USER_DATA_USAGE_MEASURES,2019-03-31T05:23:21Z,10.145.102.237,2019-03-31T05:23:20Z,432,68,364,3,1,2,544 bps,2912 bps,1.00 pps,2.00 pps
corr-2d924c0114c5,hulu_manual,1.0,,USER_DATA_USAGE_MEASURES,2019-03-31T05:23:22Z,10.145.102.237,2019-03-31T05:23:21Z,170814,25913,144901,234,85,149,207304 bps,1159208 bps,85.00 pps,149.00 pps
corr-2d924c0114c5,hulu_manual,1.0,,USER_DATA_USAGE_MEASURES,2019-03-31T05:23:23Z,10.145.102.237,2019-03-31T05:23:22Z,2027,1284,743,9,4,5,10272 bps,5944 bps,4.00 pps,5.00 pps
corr-2d924c0114c5,hulu_manual,1.0,,USER_DATA_USAGE_MEASURES,2019-03-31T05:23:24Z,10.145.102.237,2019-03-31T05:23:23Z,35494,10012,25482,69,36,33,80096 bps,203856 bps,36.00 pps,33.00 pps
corr-2d924c0114c5,hulu_manual,1.0,,USER_DATA_USAGE_MEASURES,2019-03-31T05:23:25Z,10.145.102.237,2019-03-31T05:23:24Z,432,68,364,3,1,2,544 bps,2912 bps,1.00 pps,2.00 pps
corr-2d924c0114c5,hulu_manual,1.0,,USER_DATA_USAGE_MEASURES,2019-03-31T05:23:26Z,10.145.102.237,2019-03-31T05:23:25Z,34904,2474,32430,51,18,33,19792 bps,259440 bps,18.00 pps,33.00 pps
corr-2d924c0114c5,hulu_manual,1.0,,USER_DATA_USAGE_MEASURES,2019-03-31T05:23:27Z,10.145.102.237,2019-03-31T05:23:26Z,188676,3364,185312,181,30,151,26912 bps,1482496 bps,30.00 pps,151.00 pps
corr-2d924c0114c5,hulu_manual,1.0,,USER_DATA_USAGE_MEASURES,2019-03-31T05:23:28Z,10.145.102.237,2019-03-31T05:23:27Z,103262,2746,100516,111,22,89,21968 bps,804128 bps,22.00 pps,89.00 pps
corr-2d924c0114c5,hulu_manual,1.0,,USER_DATA_USAGE_MEASURES,2019-03-31T05:23:29Z,10.145.102.237,2019-03-31T05:23:28Z,113924,2814,111110,121,23,98,22512 bps,888880 bps,23.00 pps,98.00 pps
corr-2d924c0114c5,hulu_manual,1.0,,USER_DATA_USAGE_MEASURES,2019-03-31T05:23:30Z,10.145.102.237,2019-03-31T05:23:29Z,190585,5730,184855,215,47,168,45840 bps,1478840 bps,47.00 pps,168.00 pps
corr-2d924c0114c5,hulu_manual,1.0,,USER_DATA_USAGE_MEASURES,2019-03-31T05:23:31Z,10.145.102.237,2019-03-31T05:23:30Z,76339,2715,73624,83,21,62,21720 bps,588992 bps,21.00 pps,62.00 pps
corr-2d924c0114c5,hulu_manual,1.0,,USER_DATA_USAGE_MEASURES,2019-03-31T05:23:32Z,10.145.102.237,2019-03-31T05:23:31Z,0,0,0,0,0,0,0 bps,0 bps,0.00 pps,0.00 pps
corr-2d924c0114c5,hulu_manual,1.0,,USER_DATA_USAGE_MEASURES,2019-03-31T05:23:33Z,10.145.102.237,2019-03-31T05:23:32Z,111401,3494,107907,129,33,96,27952 bps,863256 bps,33.00 pps,96.00 pps
corr-2d924c0114c5,hulu_manual,1.0,,USER_DATA_USAGE_MEASURES,2019-03-31T05:23:34Z,10.145.102.237,2019-03-31T05:23:33Z,0,0,0,0,0,0,0 bps,0 bps,0.00 pps,0.00 pps
corr-2d924c0114c5,hulu_manual,1.0,,USER_DATA_USAGE_MEASURES,2019-03-31T05:23:35Z,10.145.102.237,2019-03-31T05:23:34Z,0,0,0,0,0,0,0 bps,0 bps,0.00 pps,0.00 pps
corr-2d924c0114c5,hulu_manual,1.0,,USER_DATA_USAGE_MEASURES,2019-03-31T05:23:36Z,10.145.102.237,2019-03-31T05:23:35Z,0,0,0,0,0,0,0 bps,0 bps,0.00 pps,0.00 pps
corr-2d924c0114c5,hulu_manual,1.0,,USER_DATA_USAGE_MEASURES,2019-03-31T05:23:37Z,10.145.102.237,2019-03-31T05:23:36Z,0,0,0,0,0,0,0 bps,0 bps,0.00 pps,0.00 pps
corr-2d924c0114c5,hulu_manual,1.0,,USER_DATA_USAGE_MEASURES,2019-03-31T05:23:38Z,10.145.102.237,2019-03-31T05:23:37Z,119670,3018,116652,128,26,102,24144 bps,933216 bps,26.00 pps,102.00 pps
corr-2d924c0114c5,hulu_manual,1.0,,USER_DATA_USAGE_MEASURES,2019-03-31T05:23:39Z,10.145.102.237,2019-03-31T05:23:38Z,126713,16772,109941,162,50,112,134176 bps,879528 bps,50.00 pps,112.00 pps
corr-2d924c0114c5,hulu_manual,1.0,,USER_DATA_USAGE_MEASURES,2019-03-31T05:23:40Z,10.145.102.237,2019-03-31T05:23:39Z,0,0,0,0,0,0,0 bps,0 bps,0.00 pps,0.00 pps
corr-2d924c0114c5,hulu_manual,1.0,,USER_DATA_USAGE_MEASURES,2019-03-31T05:23:41Z,10.145.102.237,2019-03-31T05:23:40Z,0,0,0,0,0,0,0 bps,0 bps,0.00 pps,0.00 pps
corr-2d924c0114c5,hulu_manual,1.0,,USER_DATA_USAGE_MEASURES,2019-03-31T05:23:42Z,10.145.102.237,2019-03-31T05:23:41Z,69904,2541,67363,81,19,62,20328 bps,538904 bps,19.00 pps,62.00 pps
corr-2d924c0114c5,hulu_manual,1.0,,USER_DATA_USAGE_MEASURES,2019-03-31T05:23:43Z,10.145.102.237,2019-03-31T05:23:42Z,46608,136,46472,40,2,38,1088 bps,371776 bps,2.00 pps,38.00 pps
corr-2d924c0114c5,hulu_manual,1.0,,USER_DATA_USAGE_MEASURES,2019-03-31T05:23:44Z,10.145.102.237,2019-03-31T05:23:43Z,241419,8101,233318,277,64,213,64808 bps,1866544 bps,64.00 pps,213.00 pps
corr-2d924c0114c5,hulu_manual,1.0,,USER_DATA_USAGE_MEASURES,2019-03-31T05:23:45Z,10.145.102.237,2019-03-31T05:23:44Z,315,148,167,4,2,2,1184 bps,1336 bps,2.00 pps,2.00 pps
corr-2d924c0114c5,hulu_manual,1.0,,USER_DATA_USAGE_MEASURES,2019-03-31T05:23:46Z,10.145.102.237,2019-03-31T05:23:45Z,0,0,0,0,0,0,0 bps,0 bps,0.00 pps,0.00 pps
corr-2d924c0114c5,hulu_manual,1.0,,USER_DATA_USAGE_MEASURES,2019-03-31T05:23:47Z,10.145.102.237,2019-03-31T05:23:46Z,377,278,99,4,3,1,2224 bps,792 bps,3.00 pps,1.00 pps
corr-2d924c0114c5,hulu_manual,1.0,,USER_DATA_USAGE_MEASURES,2019-03-31T05:23:48Z,10.145.102.237,2019-03-31T05:23:47Z,220,68,152,2,1,1,544 bps,1216 bps,1.00 pps,1.00 pps
corr-2d924c0114c5,hulu_manual,1.0,,USER_DATA_USAGE_MEASURES,2019-03-31T05:23:49Z,10.145.102.237,2019-03-31T05:23:48Z,165758,5492,160266,190,44,146,43936 bps,1282128 bps,44.00 pps,146.00 pps
corr-2d924c0114c5,hulu_manual,1.0,,USER_DATA_USAGE_MEASURES,2019-03-31T05:23:50Z,10.145.102.237,2019-03-31T05:23:49Z,367864,20374,347490,388,79,309,162992 bps,2779920 bps,79.00 pps,309.00 pps
corr-2d924c0114c5,hulu_manual,1.0,,USER_DATA_USAGE_MEASURES,2019-03-31T05:23:51Z,10.145.102.237,2019-03-31T05:23:50Z,2987,413,2574,11,5,6,3304 bps,20592 bps,5.00 pps,6.00 pps
corr-2d924c0114c5,hulu_manual,1.0,,USER_DATA_USAGE_MEASURES,2019-03-31T05:23:52Z,10.145.102.237,2019-03-31T05:23:51Z,451061,13279,437782,462,85,377,106232 bps,3502256 bps,85.00 pps,377.00 pps
corr-2d924c0114c5,hulu_manual,1.0,,USER_DATA_USAGE_MEASURES,2019-03-31T05:23:53Z,10.145.102.237,2019-03-31T05:23:52Z,115964,2950,113014,117,25,92,23600 bps,904112 bps,25.00 pps,92.00 pps
corr-2d924c0114c5,hulu_manual,1.0,,USER_DATA_USAGE_MEASURES,2019-03-31T05:23:54Z,10.145.102.237,2019-03-31T05:23:53Z,0,0,0,0,0,0,0 bps,0 bps,0.00 pps,0.00 pps
corr-2d924c0114c5,hulu_manual,1.0,,USER_DATA_USAGE_MEASURES,2019-03-31T05:23:55Z,10.145.102.237,2019-03-31T05:23:54Z,0,0,0,0,0,0,0 bps,0 bps,0.00 pps,0.00 pps
corr-2d924c0114c5,hulu_manual,1.0,,USER_DATA_USAGE_MEASURES,2019-03-31T05:23:56Z,10.145.102.237,2019-03-31T05:23:55Z,5838,5475,363,11,7,4,43800 bps,2904 bps,7.00 pps,4.00 pps
corr-2d924c0114c5,hulu_manual,1.0,,USER_DATA_USAGE_MEASURES,2019-03-31T05:23:57Z,10.145.102.237,2019-03-31T05:23:56Z,432,68,364,3,1,2,544 bps,2912 bps,1.00 pps,2.00 pps
corr-2d924c0114c5,hulu_manual,1.0,,USER_DATA_USAGE_MEASURES,2019-03-31T05:23:58Z,10.145.102.237,2019-03-31T05:23:57Z,6240,5513,727,14,8,6,44104 bps,5816 bps,8.00 pps,6.00 pps
corr-2d924c0114c5,hulu_manual,1.0,,USER_DATA_USAGE_MEASURES,2019-03-31T05:23:59Z,10.145.102.237,2019-03-31T05:23:58Z,0,0,0,0,0,0,0 bps,0 bps,0.00 pps,0.00 pps
corr-2d924c0114c5,hulu_manual,1.0,,USER_DATA_USAGE_MEASURES,2019-03-31T05:24:00Z,10.145.102.237,2019-03-31T05:23:59Z,7611,6885,726,18,10,8,55080 bps,5808 bps,10.00 pps,8.00 pps
corr-2d924c0114c5,hulu_manual,1.0,,USER_DATA_USAGE_MEASURES,2019-03-31T05:24:01Z,10.145.102.237,2019-03-31T05:24:00Z,15192,14035,1157,30,17,13,112280 bps,9256 bps,17.00 pps,13.00 pps
corr-2d924c0114c5,hulu_manual,1.0,,USER_DATA_USAGE_MEASURES,2019-03-31T05:24:02Z,10.145.102.237,2019-03-31T05:24:01Z,4581,3923,658,13,6,7,31384 bps,5264 bps,6.00 pps,7.00 pps
corr-2d924c0114c5,hulu_manual,1.0,,USER_DATA_USAGE_MEASURES,2019-03-31T05:24:03Z,10.145.102.237,2019-03-31T05:24:02Z,4189,3826,363,9,5,4,30608 bps,2904 bps,5.00 pps,4.00 pps
corr-2d924c0114c5,hulu_manual,1.0,,USER_DATA_USAGE_MEASURES,2019-03-31T05:24:04Z,10.145.102.237,2019-03-31T05:24:03Z,8449,7723,726,18,10,8,61784 bps,5808 bps,10.00 pps,8.00 pps
corr-2d924c0114c5,hulu_manual,1.0,,USER_DATA_USAGE_MEASURES,2019-03-31T05:24:05Z,10.145.102.237,2019-03-31T05:24:04Z,4193,3830,363,9,5,4,30640 bps,2904 bps,5.00 pps,4.00 pps
corr-2d924c0114c5,hulu_manual,1.0,,USER_DATA_USAGE_MEASURES,2019-03-31T05:24:06Z,10.145.102.237,2019-03-31T05:24:05Z,4220,3857,363,9,5,4,30856 bps,2904 bps,5.00 pps,4.00 pps
corr-2d924c0114c5,hulu_manual,1.0,,USER_DATA_USAGE_MEASURES,2019-03-31T05:24:07Z,10.145.102.237,2019-03-31T05:24:06Z,210,210,0,2,2,0,1680 bps,0 bps,2.00 pps,0.00 pps
corr-2d924c0114c5,hulu_manual,1.0,,USER_DATA_USAGE_MEASURES,2019-03-31T05:24:08Z,10.145.102.237,2019-03-31T05:24:07Z,3830,3762,68,5,4,1,30096 bps,544 bps,4.00 pps,1.00 pps
corr-2d924c0114c5,hulu_manual,1.0,,USER_DATA_USAGE_MEASURES,2019-03-31T05:24:09Z,10.145.102.237,2019-03-31T05:24:08Z,4591,3933,658,13,6,7,31464 bps,5264 bps,6.00 pps,7.00 pps
corr-2d924c0114c5,hulu_manual,1.0,,USER_DATA_USAGE_MEASURES,2019-03-31T05:24:10Z,10.145.102.237,2019-03-31T05:24:09Z,11440,10351,1089,26,14,12,82808 bps,8712 bps,14.00 pps,12.00 pps
corr-2d924c0114c5,hulu_manual,1.0,,USER_DATA_USAGE_MEASURES,2019-03-31T05:24:11Z,10.145.102.237,2019-03-31T05:24:10Z,0,0,0,0,0,0,0 bps,0 bps,0.00 pps,0.00 pps
corr-2d924c0114c5,hulu_manual,1.0,,USER_DATA_USAGE_MEASURES,2019-03-31T05:24:12Z,10.145.102.237,2019-03-31T05:24:11Z,0,0,0,0,0,0,0 bps,0 bps,0.00 pps,0.00 pps
corr-2d924c0114c5,hulu_manual,1.0,,USER_DATA_USAGE_MEASURES,2019-03-31T05:24:13Z,10.145.102.237,2019-03-31T05:24:12Z,0,0,0,0,0,0,0 bps,0 bps,0.00 pps,0.00 pps
corr-2d924c0114c5,hulu_manual,1.0,,USER_DATA_USAGE_MEASURES,2019-03-31T05:24:14Z,10.145.102.237,2019-03-31T05:24:13Z,0,0,0,0,0,0,0 bps,0 bps,0.00 pps,0.00 pps
corr-2d924c0114c5,hulu_manual,1.0,,USER_DATA_USAGE_MEASURES,2019-03-31T05:24:15Z,10.145.102.237,2019-03-31T05:24:14Z,7698,6972,726,18,10,8,55776 bps,5808 bps,10.00 pps,8.00 pps
corr-2d924c0114c5,hulu_manual,1.0,,USER_DATA_USAGE_MEASURES,2019-03-31T05:24:16Z,10.145.102.237,2019-03-31T05:24:15Z,14150,13061,1089,28,16,12,104488 bps,8712 bps,16.00 pps,12.00 pps
corr-2d924c0114c5,hulu_manual,1.0,,USER_DATA_USAGE_MEASURES,2019-03-31T05:24:17Z,10.145.102.237,2019-03-31T05:24:16Z,13168,11654,1514,34,17,17,93232 bps,12112 bps,17.00 pps,17.00 pps
corr-2d924c0114c5,hulu_manual,1.0,,USER_DATA_USAGE_MEASURES,2019-03-31T05:24:18Z,10.145.102.237,2019-03-31T05:24:17Z,4995,4828,167,9,7,2,38624 bps,1336 bps,7.00 pps,2.00 pps
